,mape,rmse,mse
25,3.8966587484462316,3.1080185576038257,9.659779354409764
50,4.075586187897387,3.2138794372387363,10.329021037105976
100,5.095517282022211,4.14802350519195,17.206098999624906
