,mape,rmse,mse
25,4.685484119002444,3.5555399823680913,12.641864566218088
50,5.092148316130142,4.05031653755306,16.405064054375813
100,5.2297225018482045,4.441532612430524,19.72721194728391
