,mape,rmse,mse
25,3.5555848732865400,3.2327877851364300,10.450916863727300
50,3.584554314968920,3.4164909988700500,11.672410745360000
100,4.016889669904780,4.6596701016784800,16.480921334462200
